{
  "Random": [
    0.6,
    0.6,
    0.5800000000000001,
    0.56,
    0.72,
    0.6,
    0.6599999999999999,
    0.6599999999999999,
    0.6799999999999999,
    0.6,
    0.54,
    0.5800000000000001,
    0.62,
    0.6,
    0.62,
    0.52,
    0.62,
    0.6,
    0.6599999999999999,
    0.6599999999999999,
    0.5800000000000001,
    0.6799999999999999,
    0.62,
    0.56,
    0.62,
    0.52,
    0.6799999999999999,
    0.6599999999999999,
    0.54,
    0.54,
    0.52,
    0.62,
    0.54,
    0.5800000000000001,
    0.5800000000000001,
    0.64,
    0.6599999999999999,
    0.6599999999999999,
    0.6599999999999999,
    0.62
  ],
  "Cycles": [
    0.56,
    0.62,
    0.6599999999999999,
    0.64,
    0.6799999999999999,
    0.5800000000000001,
    0.6599999999999999,
    0.5800000000000001,
    0.5800000000000001,
    0.62,
    0.45999999999999996,
    0.54,
    0.52,
    0.52,
    0.52,
    0.7,
    0.62,
    0.62,
    0.5800000000000001,
    0.6,
    0.64,
    0.64,
    0.6,
    0.7,
    0.64,
    0.5800000000000001,
    0.6799999999999999,
    0.56,
    0.6799999999999999,
    0.5800000000000001,
    0.6599999999999999,
    0.62,
    0.6599999999999999,
    0.45999999999999996,
    0.52,
    0.56,
    0.6799999999999999,
    0.62,
    0.6599999999999999,
    0.6799999999999999
  ],
  "Iterated": [
    0.12,
    0.07999999999999996,
    0.07999999999999996,
    0.07999999999999996,
    0.07999999999999996,
    0.12,
    0.09999999999999998,
    0.06000000000000005,
    0.12,
    0.07999999999999996,
    0.07999999999999996,
    0.020000000000000018,
    0.07999999999999996,
    0.12,
    0.06000000000000005,
    0.06000000000000005,
    0.040000000000000036,
    0.09999999999999998,
    0.06000000000000005,
    0.09999999999999998,
    0.07999999999999996,
    0.09999999999999998,
    0.020000000000000018,
    0.09999999999999998,
    0.07999999999999996,
    0.06000000000000005,
    0.07999999999999996,
    0.06000000000000005,
    0.07999999999999996,
    0.07999999999999996,
    0.040000000000000036,
    0.09999999999999998,
    0.09999999999999998,
    0.09999999999999998,
    0.06000000000000005,
    0.07999999999999996,
    0.09999999999999998,
    0.06000000000000005,
    0.09999999999999998,
    0.07999999999999996
  ]
}