{
  "CCZip": [
    0.31999999999999995,
    0.30000000000000004,
    0.4,
    0.42000000000000004,
    0.36,
    0.38,
    0.31999999999999995,
    0.36,
    0.33999999999999997,
    0.31999999999999995,
    0.33999999999999997,
    0.31999999999999995,
    0.38,
    0.30000000000000004,
    0.31999999999999995,
    0.4,
    0.36,
    0.28,
    0.43999999999999995,
    0.36
  ],
  "CCSlow": [
    0.38,
    0.33999999999999997,
    0.4,
    0.42000000000000004,
    0.33999999999999997,
    0.36,
    0.26,
    0.4,
    0.4,
    0.33999999999999997,
    0.33999999999999997,
    0.33999999999999997,
    0.33999999999999997,
    0.48,
    0.45999999999999996,
    0.42000000000000004,
    0.43999999999999995,
    0.38,
    0.19999999999999996,
    0.33999999999999997
  ]
}