{
  "Random": [
    0.18000000000000005,
    0.21999999999999997,
    0.18000000000000005,
    0.24,
    0.19999999999999996,
    0.24,
    0.33999999999999997,
    0.24,
    0.19999999999999996,
    0.24,
    0.28,
    0.19999999999999996,
    0.26,
    0.18000000000000005,
    0.30000000000000004,
    0.26,
    0.19999999999999996,
    0.28,
    0.24,
    0.19999999999999996
  ],
  "Cycles": [
    0.18000000000000005,
    0.21999999999999997,
    0.18000000000000005,
    0.19999999999999996,
    0.18000000000000005,
    0.24,
    0.19999999999999996,
    0.19999999999999996,
    0.12,
    0.21999999999999997,
    0.16000000000000003,
    0.21999999999999997,
    0.24,
    0.21999999999999997,
    0.21999999999999997,
    0.24,
    0.24,
    0.21999999999999997,
    0.26,
    0.26
  ],
  "CCZip": [
    0.14,
    0.19999999999999996,
    0.21999999999999997,
    0.19999999999999996,
    0.19999999999999996,
    0.19999999999999996,
    0.30000000000000004,
    0.30000000000000004,
    0.18000000000000005,
    0.18000000000000005,
    0.19999999999999996,
    0.21999999999999997,
    0.24,
    0.19999999999999996,
    0.21999999999999997,
    0.19999999999999996,
    0.21999999999999997,
    0.21999999999999997,
    0.18000000000000005,
    0.19999999999999996
  ],
  "Reachability": [
    0.16000000000000003,
    0.16000000000000003,
    0.14,
    0.19999999999999996,
    0.16000000000000003,
    0.24,
    0.19999999999999996,
    0.09999999999999998,
    0.16000000000000003,
    0.16000000000000003,
    0.14,
    0.14,
    0.19999999999999996,
    0.14,
    0.19999999999999996,
    0.18000000000000005,
    0.19999999999999996,
    0.18000000000000005,
    0.14,
    0.18000000000000005
  ]
}