{
  "Sigma1": [
    0.09999999999999998,
    0.06000000000000005,
    0.06000000000000005,
    0.07999999999999996,
    0.040000000000000036,
    0.07999999999999996,
    0.06000000000000005,
    0.06000000000000005,
    0.020000000000000018,
    0.040000000000000036,
    0.07999999999999996,
    0.16000000000000003,
    0.040000000000000036,
    0.07999999999999996,
    0.07999999999999996,
    0.040000000000000036,
    0.06000000000000005,
    0.12,
    0.09999999999999998,
    0.07999999999999996
  ],
  "Sigma1.5": [
    0.09999999999999998,
    0.07999999999999996,
    0.09999999999999998,
    0.14,
    0.06000000000000005,
    0.09999999999999998,
    0.12,
    0.06000000000000005,
    0.12,
    0.09999999999999998,
    0.09999999999999998,
    0.12,
    0.14,
    0.16000000000000003,
    0.12,
    0.07999999999999996,
    0.12,
    0.12,
    0.14,
    0.09999999999999998
  ],
  "Sigma2": [
    0.18000000000000005,
    0.12,
    0.18000000000000005,
    0.12,
    0.16000000000000003,
    0.16000000000000003,
    0.12,
    0.07999999999999996,
    0.12,
    0.16000000000000003,
    0.16000000000000003,
    0.06000000000000005,
    0.09999999999999998,
    0.12,
    0.12,
    0.09999999999999998,
    0.12,
    0.16000000000000003,
    0.09999999999999998,
    0.12
  ]
}